source,date,text,url,rating,platform,app_name
appstore_mls_official_app,2026-05-03,BS. You have to create an account and give them all your personal information just to check scores? What a bunch of garbage. I deleted it,https://apps.apple.com/us/app/id397303467,1,ios,MLS Official App
appstore_mls_official_app,2026-04-21,So little news. Just almost no news. Can’t find out about player injuries. Very little information,https://apps.apple.com/us/app/id397303467,3,ios,MLS Official App
appstore_mls_official_app,2026-03-22,Account. And we wonder why the game doesn’t grow as fast as others…can’t even use the app without an account. All the other Big Four don’t require an account. Just want to follow the league,https://apps.apple.com/us/app/id397303467,2,ios,MLS Official App
appstore_mls_official_app,2026-03-21,"One thing missing is MLS Next Pro Scores!. Great app, love the recent update and it’s nice having an app that just focused on what MLS teams are competing in. Would love to see MLS Next Pro added so I can track Crown Legacy!",https://apps.apple.com/us/app/id397303467,4,ios,MLS Official App
appstore_mls_official_app,2026-03-15,Needs Following improvement. I can only follow up to 6 teams including my favorite. I wish I could follow all teams,https://apps.apple.com/us/app/id397303467,4,ios,MLS Official App
appstore_mls_official_app,2026-03-01,"League is a joke. When it’s obvious that refs call what their star players want instead of using their own eyes. Not gonna renew, dying league before it could even take off. SMH",https://apps.apple.com/us/app/id397303467,1,ios,MLS Official App
appstore_mls_official_app,2026-02-11,"Unnecessary and Soul-less. Get this app if you want to check some scores, see a few highlights, read AI generated articles, and not play any fantasy soccer games. As the league has grown they have become more concerned with profit than content, community, and creating MLS “sickos” who are obsessed with the league. They scrapped their podcast, dumped writers who care about the league, shut down their fantasy game, got rid of local media coverage for teams, all to make a few bucks. It’s a soul-less app for a league on its way to becoming soul-less. 

TLDR: You don’t need this app",https://apps.apple.com/us/app/id397303467,1,ios,MLS Official App
appstore_mls_official_app,2026-02-11,"No Good Analysis. MLS had good writers and podcasts, but now they are gutting them for AI slop.  Seeing some of the errors makes me upset, because they had good writers.  Well after years, I finally deleted the app and I will look elsewhere for better analysis without AI slop",https://apps.apple.com/us/app/id397303467,1,ios,MLS Official App
appstore_mls_official_app,2025-11-01,"Can’t turn off some notifications. Why can’t I turn off “Other Key Events” notifications? I don’t want to know about substitutions and yellow cards. However, the app makes those notifications a requirement?!",https://apps.apple.com/us/app/id397303467,1,ios,MLS Official App
appstore_mls_official_app,2025-10-28,"You'll be happier with a Google web search. If you still have v8.x app DO NOT UPDATE!
 
Now REQUIRES an account to use the app. 
Slower, harder to use, no more box score.
This version is all about being flashy, no consideration for usefulness.

Whatever you're looking for, you can probably find it faster in a more convenient format with a Google web search.  All of the other 1* reviews for v9.x are spot on. The app does remember which conference  my club is in, and the team shield logos are bigger now when checking scores - so it's  not complete and utter rubbish. Those logos had been much too small for much too long. 

Obvious that whoever is responsible for this app doesn’t use it to follow MLS. 
Disappointing as the app used to be useful and increased my engagement in downtime moments",https://apps.apple.com/us/app/id397303467,1,ios,MLS Official App
appstore_mls_official_app,2025-10-21,Have to have an account. I don’t like when you’re required to sign in to see content. Just go the website,https://apps.apple.com/us/app/id397303467,1,ios,MLS Official App
appstore_mls_official_app,2025-08-16,"Fix the scores!!!. Great app if you don’t want to read the scores!!
Don’t know if it’s a screen formatting issue but when you’re looking at all the scores in the matches tab the numbers of the scores are cropped out so you have to go into each individual match to see the score 
PLEASE fix this!!",https://apps.apple.com/us/app/id397303467,1,ios,MLS Official App
appstore_mls_official_app,2025-07-14,"Nothing Loads. Lineups have stopped loading entirely, even once the game is underway. Similar issues with stats and occasionally matches. I’ve stopped using the app and started pulling up the website to follow games I can’t watch live",https://apps.apple.com/us/app/id397303467,1,ios,MLS Official App
appstore_mls_official_app,2025-07-13,Slow. Years ago this app was usable. Now it’s so cluttered that it is slow to load and very clunky,https://apps.apple.com/us/app/id397303467,1,ios,MLS Official App
appstore_mls_official_app,2025-07-10,No aggregate scores?. I have provided this feedback before but it is absolutely ludicrous that this app does not track aggregate scores in two leg series like the playoffs and cup competitions. I would rather get my soccer scores from other sources so I don’t have to do forensic research to find out the result of the first leg. This app should not have been released without this functionality,https://apps.apple.com/us/app/id397303467,1,ios,MLS Official App
appstore_mls_official_app,2025-07-09,"Match Lineups not working. Please fix the lineups for matches, for some reason is not loading, keep showing the animation like is pulling the data but there is no timeout, add 3 seconds timeout on the loading animation and show some info if don’t have the info ready, something like “no lineups yet”",https://apps.apple.com/us/app/id397303467,4,ios,MLS Official App
appstore_mls_official_app,2025-07-08,"Worst sports app. This is the worst sports app that I regularly use. The design makes it impossible to find anything of interest on a regular basis. I look for Team of the Matchday, and I have to search all over the place to find it. 
Power Rankings of teams doesn’t even bother to show what number each is ranked. Is it that hard to do?
I enjoy watching the review of questionable red cards and fouls (by Weibe?) (I forgot the name of it, but I just looked and can’t even find it in the app to tell you what it’s called). 
My request is that you organize the app into clearer sections that make it easy to find and navigate to",https://apps.apple.com/us/app/id397303467,2,ios,MLS Official App
appstore_mls_official_app,2025-07-08,Fix the standings!. The standings have been busted for months,https://apps.apple.com/us/app/id397303467,2,ios,MLS Official App
appstore_mls_official_app,2025-06-09,"Requires an account to use???. I have to create an account just to read MLS news and standings? Gimme a break. Total fail.

Update in response to the developer’s reply: The claim that a login enhances security is utter nonsense, and in fact is rather patronizing. 

Accessing the MLS page in a browser doesn’t need a login. What makes the app so special that it’s mandatory?

1-star review stands",https://apps.apple.com/us/app/id397303467,1,ios,MLS Official App
appstore_mls_official_app,2025-06-06,15.1.1 (current latest) crashes on startup. The app crashes on startup. I deleted the app and reinstalled - same issue. Used to work,https://apps.apple.com/us/app/id397303467,1,ios,MLS Official App
appstore_mls_official_app,2025-06-01,Awful. What’s the point? You can never get stats or lineups to load during a match. Utterly useless,https://apps.apple.com/us/app/id397303467,1,ios,MLS Official App
appstore_mls_official_app,2025-05-30,"Won’t let me make an account. I’ve tried countless times to make an account and it keeps giving me the message, “Something went wrong, try again later.” I tried again later countless times and gave me the same message",https://apps.apple.com/us/app/id397303467,2,ios,MLS Official App
appstore_mls_official_app,2025-05-28,"Would be ok if it worked properly…. …but as is I can never get basic tabs like lineups, stats or play-by-play to show.  Also hate that the general menu options disappear when you go into a game",https://apps.apple.com/us/app/id397303467,1,ios,MLS Official App
appstore_mls_official_app,2025-05-23,Log in. Can’t even get past log in on this new version of the app,https://apps.apple.com/us/app/id397303467,1,ios,MLS Official App
appstore_mls_official_app,2025-05-18,"Rewrite Gone Wrong. This has to be one of the worst rewrites for an app of all time. Can’t see previous matches/results on your schedule, overlapping text on various screens, 49 clicks just to get to your favorite team, etc. My hope is you all at least got some money back from whatever intern you paid to design and code this mess. Never thought I would have to turn back to ESPN. Yikes!",https://apps.apple.com/us/app/id397303467,1,ios,MLS Official App
appstore_mls_official_app,2025-05-16,Does not work. I tried to update the app but it refuses to download,https://apps.apple.com/us/app/id397303467,1,ios,MLS Official App
appstore_mls_official_app,2025-05-14,"Can’t see scores. When you are on the “scores” page, you can not really see the score and have to click on each game",https://apps.apple.com/us/app/id397303467,4,ios,MLS Official App
appstore_mls_official_app,2025-05-10,Lag time is not acceptable. Cannot even look at the lineups for my game because it won’t load. Can we go back to words?,https://apps.apple.com/us/app/id397303467,1,ios,MLS Official App
appstore_mls_official_app,2025-05-04,"Significant performance issues. The app struggles to load any valuable game content. Even today, lineups and game summary content won’t load for individual games.  MLS needs to prioritize fixing this - it’s been since the new app release (which looks very nice). Right now it’s fairly unusable for some types of fans",https://apps.apple.com/us/app/id397303467,3,ios,MLS Official App
appstore_mls_official_app,2025-05-04,Slow in loading basic content. painfully slow to load stats etc,https://apps.apple.com/us/app/id397303467,2,ios,MLS Official App
appstore_mls_official_app,2025-05-03,"Simply awful. What happened ?

Can’t see lineups any longer 

The app is broken. 

Please fix",https://apps.apple.com/us/app/id397303467,2,ios,MLS Official App
appstore_mls_official_app,2025-04-27,"Notifications. I like the MLS app. But they force you to watch games on Apple TV, but notifications come about 25 seconds before it happens when watching the games…. Suggestion- turn off notifications if you use this app",https://apps.apple.com/us/app/id397303467,3,ios,MLS Official App
appstore_mls_official_app,2025-04-27,Layout bugs. I don’t know what you did but standings don’t line up nor show all the teams no matter what I try. Upcoming games are under the wrong date. It’s a mess. Bring back last years,https://apps.apple.com/us/app/id397303467,2,ios,MLS Official App
appstore_mls_official_app,2025-04-27,"Can’t see teams match history. There is no way to view a teams match history for the current season. The only way is to scroll through all matches across the league to find your teams previous scores. 

Why can’t I just see the previous matches my team has played on the teams page?",https://apps.apple.com/us/app/id397303467,1,ios,MLS Official App
appstore_mls_official_app,2025-04-26,"Not as good as it once was. lineups, and stats don’t ever load. Please fix or remove the option to see them",https://apps.apple.com/us/app/id397303467,1,ios,MLS Official App
appstore_mls_official_app,2025-04-24,"Massively buggy since update. The app looks prettier since the update, but a huge number of features just don't work anymore - they infinitely lag when you click into them. I initially figured that these would be ironed out with time, but it's been months since the update. It's also annoying that the main page is now filled with an ad and an autoplay video that is impossible to turn off - it's just the definition of a negative user experience",https://apps.apple.com/us/app/id397303467,1,ios,MLS Official App
appstore_mls_official_app,2025-04-21,"Fix the hide scores?!?!. Can you all please fix the “hide scores” setting? It defaults to “show scores” every other time I open the app. I change the setting back to “hide scores” and then a few days later…back to the default?!

I gave you my contact info (a disappointing pre-requisite to using the app)…you should know my settings by now",https://apps.apple.com/us/app/id397303467,3,ios,MLS Official App
appstore_mls_official_app,2025-04-13,No stats. App no longer shows game stats or lineups. Just constant loading screens,https://apps.apple.com/us/app/id397303467,1,ios,MLS Official App
appstore_mls_official_app,2025-04-13,Major Flaw. The app deletes past matches from every club’s schedule. I want to be able to easily see how clubs performed in earlier matches. Please fix this,https://apps.apple.com/us/app/id397303467,2,ios,MLS Official App
appstore_mls_official_app,2025-04-08,Broken. App is broken. Crashes every time I try to open it. Have uninstalled and reinstalled to no avail,https://apps.apple.com/us/app/id397303467,1,ios,MLS Official App
appstore_mls_official_app,2025-04-06,"Deleted. Bye!. *UPDATE* just delete the app. They’re just farming data and won’t let you look at scores without an account to track everything you do. I’ll just get scores another way. 

Replacing my old review where I complained about notifications not working to write a new review about how the notifications don’t work.

I get all kinds of notifications for games I don’t care about at all. Not a single notification about the game I actually did care about today.

This app is less than useless. Just use the website if possible. It’s much less frustrating",https://apps.apple.com/us/app/id397303467,1,ios,MLS Official App
appstore_mls_official_app,2025-04-05,Account required. Why do I need an account to check league standings? Why do I need to give MLS my personal information to check game stats? Don’t you guys want MLS to be accessible to a bigger audience? NHL and NFL don’t require those. Having a favorite team can absolutely be a local setting instead of account controlled. I’ll just use Apple’s Sports app instead,https://apps.apple.com/us/app/id397303467,1,ios,MLS Official App
appstore_mls_official_app,2025-04-05,App keeps failing. App keeps failing and shutting down.  Difficult to set up again after reloading.  Needs serious updates,https://apps.apple.com/us/app/id397303467,1,ios,MLS Official App
appstore_mls_official_app,2025-04-05,Now require an account. I stopped using this app once it required an account to be created.  Nice thing is I was able to switch to our team specific app.  It seems like a lot of people did the same as our team app all the sudden got really popular.  Kind of a shame about the MlS app though,https://apps.apple.com/us/app/id397303467,1,ios,MLS Official App
appstore_mls_official_app,2025-04-05,"Box “shadows”. I’m a big fan of MLS and have used its app for years. When the new season started I opened the updated app and found all of these weird “shadows” on each item in the app. The shadows also affect the standings so much that each team’s logo is no longer lined up with their actual standings and stats. With each update that comes out I hope that there is a fix for this issue, but it appears that it has not been corrected yet",https://apps.apple.com/us/app/id397303467,3,ios,MLS Official App
appstore_mls_official_app,2025-04-05,Won’t work. I updated the app and it worked for a day or two. Now it won’t load or stay open. I e deleted it from my phone and from iCloud and redownloaded it multiple times and still won’t work. I reached out to support and never heard back,https://apps.apple.com/us/app/id397303467,1,ios,MLS Official App
appstore_mls_official_app,2025-04-04,"Lost me. The changes went to far this year (2025). There are ads in front of every reply or link you click. Even if you replay it again. This might be expected from free app, but an app with a monthly subscription? No way. The app performance went way downhill this year also. When it works the content is great, but it has lost it’s value to me",https://apps.apple.com/us/app/id397303467,2,ios,MLS Official App
appstore_mls_official_app,2025-04-02,Requires “Account”. The app now requires you to give them your email and create a password. No thanks. I was only using the app to check the times my team is playing. I’ll just use ESPN I guess. Deleted,https://apps.apple.com/us/app/id397303467,1,ios,MLS Official App
appstore_mls_official_app,2025-04-01,"Sign-in? Nope.. Forcing users to sign before they can even see basic details about game schedules, etcetera is irritating. No thanks, I’ll get MLS information elsewhere",https://apps.apple.com/us/app/id397303467,1,ios,MLS Official App
appstore_mls_official_app,2025-04-01,"Can’t see half of stats. Nothing like MLB app, difficult to scroll and view",https://apps.apple.com/us/app/id397303467,1,ios,MLS Official App
appstore_mls_official_app,2025-03-30,"Crashes. Had this app forever, the old versions were great then they updated it for the start of the 2025 season and now the app crashes every time I’m watching the match highlights. Back to back to back, every match highlight crashes and I gotta go back into the app and do it all again",https://apps.apple.com/us/app/id397303467,3,ios,MLS Official App
appstore_mls_official_app,2025-03-29,Doesn’t work after update. iPhone 16 plus max,https://apps.apple.com/us/app/id397303467,1,ios,MLS Official App
appstore_mls_official_app,2025-03-29,17 or later?. Really? You can’t make this work properly on anything earlier than 17? Clowns,https://apps.apple.com/us/app/id397303467,1,ios,MLS Official App
appstore_mls_official_app,2025-03-29,"Can’t get update. I have tried five times in the last two week or so to get update.

I have failed each time",https://apps.apple.com/us/app/id397303467,4,ios,MLS Official App
appstore_mls_official_app,2025-03-28,"Login? No way!. What kind of stupid is this?! You want me to create an account to view your app to see scores? That’s ridiculous! No way! What other professional league does that? I truly have no idea what this new app looks like cuz I refuse to create an account just to see it. Therefore I’m giving it one star. I’ll go to any number of other apps just to find out the scores of the games I’m interested in. But in all honesty, I’m finding that I’m less and less interested in this league anyway, and this is one of the reasons why. See ya, MLS",https://apps.apple.com/us/app/id397303467,1,ios,MLS Official App
appstore_mls_official_app,2025-03-28,"App crashes. Had this app for years now the app crashes since the face lift. Using on new iPhone and the app simply crashes within seconds and haven’t been able to open it. Uninstalled and downloaded again multiple times, all the trouble shooting. Still does the same thing.  Loved this app but now have to use the browser to check on things!",https://apps.apple.com/us/app/id397303467,1,ios,MLS Official App
appstore_mls_official_app,2025-03-28,Delete. Requires you to create an account and log in to use the app at all? Delete,https://apps.apple.com/us/app/id397303467,1,ios,MLS Official App
appstore_mls_official_app,2025-03-27,Fix MLS fantasy. Fix the MLS fantasy section of the app,https://apps.apple.com/us/app/id397303467,4,ios,MLS Official App
appstore_mls_official_app,2025-03-27,"Forced login = forced delete. Ever since the major redesign of the app and website, now many years back, the app has dwindled in value to me to the point where I hadn’t even bothered to open it in a few years. On a whim, I decided to open it today and immediately hit a mandatory login screen in order to use it at all. No thanks. Deleting this app off my phone. Do better, MLS. FotMob is eating your lunch in the app space",https://apps.apple.com/us/app/id397303467,1,ios,MLS Official App
appstore_mls_official_app,2025-03-26,"Required update 17. It’s a shame that my phone needs to be updated to 17 when I’m only at 16 and I have no further updates available. I can no longer enjoy the app after having it for several years. I’m very disappointed with MLS and the Development Team. I can understand if you want to improve your app but you need to take into consideration your followers needs as well. I know I’m not the only person affected. This is unacceptable. I’m having to remove the app and revert to using ESPN for no reason. 

Thank you so much for the inconvenience",https://apps.apple.com/us/app/id397303467,2,ios,MLS Official App
appstore_mls_official_app,2025-03-25,"MARCH 25th. App hard crashes. Watch a video, crash. Watch a recap, crash. I had the app open and was just scrolling to watch something and it crashed",https://apps.apple.com/us/app/id397303467,1,ios,MLS Official App
appstore_mls_official_app,2025-03-23,"Trash app somehow got worse. As the only source of MLS news, I begrudgingly used this app for years. The flashy new look made it supremely less usable but ya managed to really ruin it now. Crashing on opening for a solid two weeks even after deleting and reinstalling.  Ya nailed it!",https://apps.apple.com/us/app/id397303467,1,ios,MLS Official App
appstore_mls_official_app,2025-03-23,"Lean how to use Brazilian names. It’s so easy, clearly the developers are white, non-soccer fans",https://apps.apple.com/us/app/id397303467,1,ios,MLS Official App
appstore_mls_official_app,2025-03-23,What happened?. App used to work great! Now it crashes when I try to open it. I have uninstalled and reinstalled multiple times and restarted my phone multiple times. No issues with any other apps on my phone. VERY FRUSTRATING and DISAPPOINTING,https://apps.apple.com/us/app/id397303467,1,ios,MLS Official App
appstore_mls_official_app,2025-03-22,Can’t login. Tells me to login. Then tells me it can’t and to try again. Been going on for a month now,https://apps.apple.com/us/app/id397303467,1,ios,MLS Official App
appstore_mls_official_app,2025-03-22,New design. The new design wont show me current matches,https://apps.apple.com/us/app/id397303467,1,ios,MLS Official App
appstore_mls_official_app,2025-03-22,"All standings will not render correctly. Absolutely unusable to see the standings. By the time you go towards the bottom of the table, teams and logos are not matching. Not using this app until it’s fixed",https://apps.apple.com/us/app/id397303467,2,ios,MLS Official App
appstore_mls_official_app,2025-03-22,Much worse than the old app. Much of the screen space is wasted on flashy no substance video. Font size is huge have to scroll forever for what I want. Can’t even see past matches for a club! Do you even test things with what real users want or it seems like you just want an app that “looks nice”,https://apps.apple.com/us/app/id397303467,1,ios,MLS Official App
appstore_mls_official_app,2025-03-22,"Need iOS 17.0 or newer. So screw me because I have an old phone. Thanks, MLS",https://apps.apple.com/us/app/id397303467,1,ios,MLS Official App
appstore_mls_official_app,2025-03-22,"Useless unless you create an account. This app actually used to be really useful for keeping up with your favorite MLS teams. Now, you have to create an account for it to work. Definitely deleting it",https://apps.apple.com/us/app/id397303467,1,ios,MLS Official App
appstore_mls_official_app,2025-03-22,"They could let me use it but chose not to. MLS shut down the version that runs on my phone. The update requires iOS 17, which my phone doesn’t have. I have to turn in a phone that’s working fine and pay a carrier $25 a month just to get MLS scores? MLS could have let the old app work, but chose not to. Probably the same team that puts the spoilers on the Apple TV interface, not caring about fans",https://apps.apple.com/us/app/id397303467,1,ios,MLS Official App
appstore_mls_official_app,2025-03-22,"Nope, you’re not getting my personal data. I have no idea whether this app update is an improvement over the previous clunky version, because one cannot move beyond the first screen without creating an account and giving up personal data. As another reviewer pointed out, scores and updates can be found elsewhere on the web. I will not be using this app, because I should not need to tell MLS who I am to get information about games and teams",https://apps.apple.com/us/app/id397303467,1,ios,MLS Official App
appstore_mls_official_app,2025-03-22,Can't open app. This app is  great but all of a sudden it stop working. I uninstall and install like five different times and every time I open black screen then it goes off,https://apps.apple.com/us/app/id397303467,2,ios,MLS Official App
appstore_mls_official_app,2025-03-21,Garbage. Why do they feel the need to do massive design updates and remove access to easily find the information you want. Deleting,https://apps.apple.com/us/app/id397303467,1,ios,MLS Official App
appstore_mls_official_app,2025-03-20,"Requires Account Now. I used this app for several years but today when I tried to open it the app insisted that I either log in or create an account. This seems unnecessary and likely related to either tracking or spam or probably both. And having this app is not important enough to me to accept those things. MLS, you would do better to make it easy for your fans to engage",https://apps.apple.com/us/app/id397303467,1,ios,MLS Official App
appstore_mls_official_app,2025-03-19,Crash immediately at lunch. Meh,https://apps.apple.com/us/app/id397303467,1,ios,MLS Official App
appstore_mls_official_app,2025-03-17,"It’s an app not a bank account. Being forced to create an account is exactly the small hurdles that turns users away. Lazy developers or unnecessary data grab, either way I’m deleting the app",https://apps.apple.com/us/app/id397303467,1,ios,MLS Official App
appstore_mls_official_app,2025-03-17,"Lag Issues. The app received an overhaul that definitely makes the app enjoyable to explore and view the content. Kudos to the team on all of this work! However there are major lag issues when interacting with the content throughout the app. Once this goes away, it will definitely make the experience better overall",https://apps.apple.com/us/app/id397303467,4,ios,MLS Official App
appstore_mls_official_app,2025-03-16,Please fix Fantasy in the app. Fantasy is now broken in the app. We can’t see the lineup view anymore and we can’t see full player stats. Last year it was perfect!,https://apps.apple.com/us/app/id397303467,3,ios,MLS Official App
appstore_mls_official_app,2025-03-12,"Never prompt for feedback. If I'm using your application, the absolute last thing I want is to be interrupted with a modal popup asking if I ""enjoy"" the application. Never do that.
Also, this thing now requires an account? Get over yourself, application; I don’t want a relationship, I just want the bloody scores.
The developer response underscores the complete lack of understanding of the issues. And they want us to line up for “AI” slop, too! Buh-bye!",https://apps.apple.com/us/app/id397303467,1,ios,MLS Official App
appstore_mls_official_app,2025-03-09,"Create an account? I think not.. Why should I have to create an account just to see a schedule of games? That’s all I want. I used to be able to get it. Now, I’m expected to be ok with giving up all of my info for the privilege? No. 
Yahoo Sports doesn’t make me create an account. Be more like Yahoo Sports",https://apps.apple.com/us/app/id397303467,1,ios,MLS Official App
appstore_mls_official_app,2025-03-08,"Ridiculous. So…I’ve been using the app to check scores and look at standings because using the site on my phone doesn’t work well. 
But now, in order to use the app, you have to sign in and create an account. WHAT FOR?!! To see free stats I can see on the site? Dumbest possible update. The point was to mimic the site, not feed more of my information just to look at scores and news",https://apps.apple.com/us/app/id397303467,1,ios,MLS Official App
appstore_mls_official_app,2025-03-08,"Downgraded. The app was decent, but now it’s awful…crashes regularly, graphically poor, confusing way finding. Lame",https://apps.apple.com/us/app/id397303467,1,ios,MLS Official App
appstore_mls_official_app,2025-03-08,Team schedules with no previous results. They took a functional app and made it worse with this redesign,https://apps.apple.com/us/app/id397303467,1,ios,MLS Official App
appstore_mls_official_app,2025-03-08,"No fantasy notifications. Enabled notifications specifically for fantasy and only get notifications for random games and nothing for fantasy even though the only option enabled is fantasy. Annoying, had to turn notifications off. Everything else is great which is a shame. Please fix!",https://apps.apple.com/us/app/id397303467,2,ios,MLS Official App
appstore_mls_official_app,2025-03-08,Doesn’t function. When I open the app it doesn’t show team icon graphics or the features below.  Needs for updates to correct these things,https://apps.apple.com/us/app/id397303467,2,ios,MLS Official App
appstore_mls_official_app,2025-03-08,"It worked last year. For sports apps I ask very little. Show me the schedule, the table, and maybe some news. Get that done and it's perfect. 
Last year the MLS app was perfect for that, this year it does none of it. I'm honestly surprised that it was so bad that I felt compelled to right this",https://apps.apple.com/us/app/id397303467,1,ios,MLS Official App
appstore_mls_official_app,2025-03-07,"Save your money for something you ban actually use. The app itself is okay, otherwise it would get zero stars.  But it didn't take long to figure out I won't be renewing this service. I subscribed because I don't have or want cable, but want to watch soccer. Well, in the two months I've had the service there's only been 1 game (quite literally) of my favorite team that hasn't been blacked out. What's the point of paying for something you can't use? The kicker is that when I asked why I couldn't watch my team, MLS customer service said it was for legal reasons.  Right... as in they have legal contract to make more money by selling exclusive broadcast rights to other networks and shutting out those who pay for direct service. Shameful that nothing is straight forward and honest any more.  Update: It went from mediocre to bad.  Now you can't even use the app without creating an account. Deleting this app because  MLS is putting profit over their fans. Thanks MLS, thanks",https://apps.apple.com/us/app/id397303467,1,ios,MLS Official App
appstore_mls_official_app,2025-03-07,"Good Update. I really like the massive update to this app. It feels more informative and I really get to enjoy more of the games now. One thing I would like changed would be the max cap of 10 players to follow. I think this could be a lot higher if not just unlimited. Besides that, really like it and it’s a good companion for game day",https://apps.apple.com/us/app/id397303467,4,ios,MLS Official App
appstore_mls_official_app,2025-03-06,"New update, same broken app. I was prompted to update the app because the fixed my prior issues of the app not being able to load content.   Nothing has changed.  The app locks up and becomes unusable, even with a fresh delete and reinstall.  This app has potential to be great from the advertised images, but I can’t actually use it.  Such a waste of",https://apps.apple.com/us/app/id397303467,1,ios,MLS Official App
appstore_mls_official_app,2025-03-04,Forced to Create an Account. Deleted after they forced the creation of an account to access a content in the app. I’ll just use the website,https://apps.apple.com/us/app/id397303467,1,ios,MLS Official App
appstore_mls_official_app,2025-03-03,Not working. Seems broken,https://apps.apple.com/us/app/id397303467,1,ios,MLS Official App
appstore_mls_official_app,2025-03-02,"At least get the basics right. As an MLS fan, I’m very happy this app exists. Really wanted to like the new interface, but there are basic app functions that either work poorly or don’t work at all. First, the “Feedback” icon under user profile currently does nothing. Like, if you touch the image, it “clicks” from a haptics perspective, but that’s all. No new screen, no drop down menu, not even an “oops” error message. Just straight up nothing. Second, the “follow players” function is organized alphabetically by player FIRST NAME. While on the surface this might not seem problematic, I quickly discovered that it is seriously unhelpful. As a relatively engaged MLS consumer with a team that I watch and support weekly, I can confidently say I don’t know that I could even tell you the first names of the players on my own favorite team beyond maybe the starting eleven. The list also does not take diacritical marks into account, listing the same player twice because of this and listing other players out of alphabetical order entirely since their names start with letters that include diacritical marks. Given the amount of resources—financial and otherwise—being invested into MLS, I am disappointed and, frankly, embarrassed at the MLS app’s current quality. DO BETTER",https://apps.apple.com/us/app/id397303467,2,ios,MLS Official App
appstore_mls_official_app,2025-03-02,Must have account now? Too bad and bye bye. Deleted. Couldn’t even launch to check out without having an account. Why??,https://apps.apple.com/us/app/id397303467,1,ios,MLS Official App
appstore_mls_official_app,2025-03-02,Thank you. Thank you for fixing the freezing bug and adding hide scores!,https://apps.apple.com/us/app/id397303467,5,ios,MLS Official App
appstore_mls_official_app,2025-03-02,Looks good…. But is so buggy it’s unusable. Every time I open it freezes within 5 seconds,https://apps.apple.com/us/app/id397303467,1,ios,MLS Official App
appstore_mls_official_app,2025-03-02,"Account Now Required. I deleted this app because they now require that you have an account. I am tired of having to share personal information just to check scores and schedules. I’ll use the web instead where I can better protect my privacy.

I disagree with the developer response. Having to create an account is an unnecessary data grab and does nothing to enhance security. The app was perfectly secure without having to log in! Also, no thank you to AI garbage. That is even worse than having to create the account. No, I will keep this app off my devices . Good riddance",https://apps.apple.com/us/app/id397303467,1,ios,MLS Official App
appstore_mls_official_app,2025-03-01,Dislike login requirement. I’ve enjoyed using the app in previous seasons but with the new login requirement I will delete it,https://apps.apple.com/us/app/id397303467,1,ios,MLS Official App
appstore_mls_official_app,2025-02-28,"Nice. New app is nice. Creating a login is different, but overall not a big deal. Visually it looks good. Glad to see fans being invested in - great direction. Already interested to see what’s next",https://apps.apple.com/us/app/id397303467,5,ios,MLS Official App
appstore_mls_official_app,2025-02-28,Account Required. No thanks!  Delete!,https://apps.apple.com/us/app/id397303467,1,ios,MLS Official App
appstore_mls_official_app,2025-02-26,You need an account???. I can no longer use the app without creating an account,https://apps.apple.com/us/app/id397303467,1,ios,MLS Official App
appstore_mls_official_app,2025-02-25,"Goofy lineups. I already had an account, so idc much about the account reqs. 

What I hate about the app is that they’re now treating the lineup screen like every other sport when there’s a global standard that it shows the starters regardless of who is in the match - especially after the match is completed. Stop putting subs in the lineup - it looks dumb, and a lot of times formations change as subs come on, so it’s really just inaccurate",https://apps.apple.com/us/app/id397303467,3,ios,MLS Official App
appstore_mls_official_app,2025-02-23,"Very disappointed with the app. Your terms and conditions are so demanding and not good for the public. Long time, soccer fan very disappointed with the app",https://apps.apple.com/us/app/id397303467,1,ios,MLS Official App
appstore_mls_official_app,2025-02-23,"Required to “sign up”. Just updated an app that I’ve had for years.  Now they require a log in. Deleted… looking at USL, NWSL, and USL Super League",https://apps.apple.com/us/app/id397303467,1,ios,MLS Official App
appstore_mls_official_app,2025-02-23,Update is a data grab. Ridiculous that you have to create an account to use. I guess I’ll just use FotMob for match info,https://apps.apple.com/us/app/id397303467,1,ios,MLS Official App
appstore_mls_official_app,2025-02-23,"If i could give it zero I would. In the flashy redesign, they eliminated the ability to watch video in landscape mode.  It’s like they have contempt for their fans. Thank goodness they’re also posted to YouTube so you can watch it like it’s 2025",https://apps.apple.com/us/app/id397303467,1,ios,MLS Official App
appstore_mls_official_app,2025-02-22,Sign In Required. Why do I have to sign into an account to use your app at all? I’ll use a different app to check scores and standings then,https://apps.apple.com/us/app/id397303467,1,ios,MLS Official App
appstore_mls_official_app,2025-02-22,Requires Account?! 👎. I had deleted the Sporting KC app because it was garbage and crashed. And now MLS requires and account and login? No thanks. Deleting immediately,https://apps.apple.com/us/app/id397303467,1,ios,MLS Official App
appstore_mls_official_app,2025-02-22,Login required?. No thanks!,https://apps.apple.com/us/app/id397303467,1,ios,MLS Official App
appstore_mls_official_app,2025-02-22,Hide score option gone. The recent update has removed or hidden within the new UX. Please bring this feature back. Forcing everyone to see the scores ruins the experience for anyone who didn’t have the ability to watch the match live,https://apps.apple.com/us/app/id397303467,1,ios,MLS Official App
appstore_mls_official_app,2025-02-22,Trying too hard. Trying to make things too pretty at the expense of user experience. Preferred a more simple layout without all the other flare. Also signing in to use is nonsense,https://apps.apple.com/us/app/id397303467,1,ios,MLS Official App
appstore_mls_official_app,2025-02-22,"App forces you to create account. The latest app update forces you to create an account and blocks you from viewing any content or scores without an account. Terrible decision, hope they go back on this on their next update",https://apps.apple.com/us/app/id397303467,1,ios,MLS Official App
appstore_mls_official_app,2025-02-22,Why do I need to create an account?. Been using this app for a decade but I’m not creating an account to use it so I guess I’ve got to uninstall it and look elsewhere. A bizarre annoying decision to make an account mandatory when I just want to see scores,https://apps.apple.com/us/app/id397303467,1,ios,MLS Official App
appstore_mls_official_app,2025-02-22,Genuinely dumb update. You now have to create an account to simply check scores/schedules. This will only help to drive users away from the app. So why?,https://apps.apple.com/us/app/id397303467,1,ios,MLS Official App
appstore_mls_official_app,2025-02-22,Wants to create account. I don’t want to create account. Delete!,https://apps.apple.com/us/app/id397303467,1,ios,MLS Official App
appstore_mls_official_app,2025-02-21,New App Requirements. The new update requires you to create an account. Why does everything require and account. I just wanted to know the schedules and see a bit of news. I don’t need a login for that. I don’t want personalized stuff because that just means you want to track me more and sell my info to advertisers. I just renewed my mls subscription to watch the games this year but keep this up and I won’t be returning next year,https://apps.apple.com/us/app/id397303467,1,ios,MLS Official App
appstore_mls_official_app,2025-02-21,Sign-in Required?. What used to be a serviceable service for keeping up with MLS now requires me to create a sign in and opt in to share my information?  No thanks to selling my info. Deleting until the sign-in requirement is removed. Not classy at all and disappointing,https://apps.apple.com/us/app/id397303467,1,ios,MLS Official App
appstore_mls_official_app,2025-02-20,"App now requires account. I’m not interested in creating an account to read articles or check scores freely available on the website, especially when it’s not been required for the past decade",https://apps.apple.com/us/app/id397303467,1,ios,MLS Official App
appstore_mls_official_app,2025-02-13,"So-so App. Why does this app keeping signing me out of my account on all my devices?  I keep having to reset my notification preferences every time I have to sign back in.  

Also the new iPad version is now crashing when trying to launch after the new update released this morning (2/13/25)",https://apps.apple.com/us/app/id397303467,3,ios,MLS Official App
appstore_mls_official_app,2025-01-21,Good. It’s a great app but it sign you out almost every day must be a glitch…,https://apps.apple.com/us/app/id397303467,5,ios,MLS Official App
appstore_mls_official_app,2024-10-30,Update App. This app did not have good information on mid-year Leagues Cup. No bracket - not good info. Now for the playoffs same thing. Lousy set up. Please fix and at the very least update game as things game 2 and so and so won game one…Love the sport and you guys need to get much better,https://apps.apple.com/us/app/id397303467,2,ios,MLS Official App
appstore_mls_official_app,2024-08-31,"MLS app owes me a new phone. Every time I see a notification that my boys get scored on before it hits the telly live, my phone is headed directly for the wall at blistering speeds. I suggest they delay the score updates for a minute or two instead of posting them the literal millisecond it happens so the broadcast can catch up",https://apps.apple.com/us/app/id397303467,1,ios,MLS Official App
appstore_mls_official_app,2024-08-09,"Worst App on my phone. Consistently crashes. I have to reset my “favorite team” weekly. Does not retain selections for notifications. No other choice from MLS, but honestly after this many years this should not be happening",https://apps.apple.com/us/app/id397303467,1,ios,MLS Official App
appstore_mls_official_app,2024-07-20,Create an app just for Fantasy. Too many bugs and it signs me out several times a week,https://apps.apple.com/us/app/id397303467,3,ios,MLS Official App
appstore_mls_official_app,2024-07-03,Amazing. I Love this app!!!!!!!!!!!,https://apps.apple.com/us/app/id397303467,5,ios,MLS Official App
appstore_mls_official_app,2024-06-28,Great app but huge problem. Nothing is worst then watching a game on MLS TV live sitting there in suspense seeing what will happen and the MLS app sends a notification to your phone saying that a goal is scored but you are watching that game and nearly a minute later a goal is scored. Notifications needs to happen in line with what is occurring on broadcast of games. Please fix and put a delay on notifications to match delay in your broadcast,https://apps.apple.com/us/app/id397303467,1,ios,MLS Official App
appstore_mls_official_app,2024-06-20,"Change the scores screen!. A scores screen that endlessly scrolls DOES NOT WORK if the app doesn’t ping for updates more frequently. Example. I just opened the app after using it yesterday, some games are still showing in progress. When I click on said game it obviously says it’s over. When I move back to the scores screen it hasn’t updated. Just says the games are still in progress. 

So if I want to update the scores screen I have to either scroll all the way to the top for the pull down refresh (that’s usually multiple days back) or I have to force close the app and reopen. 

Just show one day on the scores screen. Do it like the ESPN app if you are going to have pull down for refresh. It’s so infuriatingly frustrating",https://apps.apple.com/us/app/id397303467,1,ios,MLS Official App
appstore_mls_official_app,2024-04-27,"Stop Posting the Score on the game replays!. Here is the deal… everything is great except that if you miss a game and go back to watch it they post the score on the icon. Premier, Champions league, and a host of other leagues do not do this. I’m watching it this year. But if by the end of the season this doesn’t change, well, I will be done with MLS. I payed for the season and watching Messi will be worth it. Other than that MLS is cool but i absolutely hate it that they post all the scores so much so that if you don’t watch it “live” you will always know the score - someone fix this",https://apps.apple.com/us/app/id397303467,2,ios,MLS Official App
appstore_mls_official_app,2024-04-21,"Megged. I keep hoping that the developers will get the bugs out. I've deleted and reloaded this app a few times and it still is full of bugs: slow loading, frequent ""megged"" messages, and just poor performance. Today I gave up on the MLS app and went to ESPN to get a recap of a game",https://apps.apple.com/us/app/id397303467,2,ios,MLS Official App
appstore_mls_official_app,2024-03-16,"Lame. Its lame that we cant see standings in our team app and now have to use the useless mls app…

Stop tryin to force everyone where you want!!!!",https://apps.apple.com/us/app/id397303467,1,ios,MLS Official App
appstore_mls_official_app,2024-03-08,"Bait And Switch. On my NFL season pass, I can watch, for a year, all of the past games going back to the first game of the season. That is the same thing on my Major League Baseball season pass, I can watch all the past games I might have missed, going back until the beginning of the season. I thought that was what I was going to get with MLS Season Pass. 

After us subscribers discover that the streamed past games are only available for a few days after the original match, we are not happy. MLB and NFL have established what ""Season Pass"" means. Apple calls this product ""Season Pass, but it does not live up to the industry standard. I thought I was buying a real season pass, but instead I got something which Apple calls a season pass, but which isn't. I feel duped.
 
 After an MLS match the only video available of it, after a couple of days elapse, is 7 minutes of "" highlights.""  I think it's a ripoff. I can get the same highlights on Youtube for free. MLS Season Pass is not a good value. It is like having a land-line or cable. You get stuck watching the games on the broadcaster's  timeline instead of your own. The world is glutted with opportunities to follow European and Latin soccer. I don't have to put my soccer time into an inferior product, and MLS becomes inferior by being associated with this bad season pass. What do other customers think?",https://apps.apple.com/us/app/id397303467,1,ios,MLS Official App
appstore_mls_official_app,2024-03-05,"Rating based on fantasy. I only have this app to play fantasy, but it’s kinda lame. 

Doesn’t warn you about injured players. 
Doesn’t have a reset button if you’re tinkering w your team to make transfers, etc.
Adds points from your bench players but freaked me out bc it doesn’t give a visual indication (ie swap out the starting players picture for the bench players one) that they’ve done so, you just have to do the math to make sure you got your points.
Also, to look at faq’s or how to play it tells me to just go to the website and look at it.

Highly recommend a look at the premier league app and how they do fantasy. Much more intuitive and easy to follow/understand!",https://apps.apple.com/us/app/id397303467,2,ios,MLS Official App
appstore_mls_official_app,2024-03-04,Unable. To cancel MLS…..help!!!!!!,https://apps.apple.com/us/app/id397303467,1,ios,MLS Official App
appstore_mls_official_app,2024-03-03,"Please fix the bugs. The news on the Charlotte FC page is still broken. It's still showing articles from last season. Please fix. Also, the ""Latest..."" whatever tab's name gets cut off on tablet landscape",https://apps.apple.com/us/app/id397303467,1,ios,MLS Official App
appstore_mls_official_app,2024-02-09,Is it asking too much…. For up to date news and stats?  Feb 9 2024 and rosters are still Nov 23…new season starts soon. Jeez,https://apps.apple.com/us/app/id397303467,3,ios,MLS Official App
appstore_mls_official_app,2024-01-11,No notifications. Still not getting notifications for articles. Makes it really hard to follow the league,https://apps.apple.com/us/app/id397303467,1,ios,MLS Official App
appstore_mls_official_app,2023-12-15,Open Cup. It is absolutely shameful that MLS D1 teams will not participate in the US Open Cup,https://apps.apple.com/us/app/id397303467,1,ios,MLS Official App
appstore_mls_official_app,2023-12-02,"Very unstable on iPhone or iPad.. The latest updates must’ve been filtered through a windowsME operating system. 
Might load initially and if I switch paths within the app after my initial search - game over. Just gets stuck. Logically I Close app and relaunch - prepare to “attempt to load” for multiple minutes and never get back in to what you’d hoped to view. 

Nearly worthless",https://apps.apple.com/us/app/id397303467,1,ios,MLS Official App
appstore_mls_official_app,2023-11-16,"Fixed!. Wow!  For the first and only time in my life someone has actually not only responded but taken action to fix an issue that I have reported.  Very impressive!  MLS sets the standard from which other app developers should be judged.  

As it turns out, I had just found a work around which was to select the minimum size font for the phone which would then allow the continue button to be seen on screen.  But the developer fixed the issue by allowing scrolling on the page 

We’ll done!   Five stars!

Now could you work on fixing the LA Galaxy please!

Update 14.2 locks up the app on the info page about the latest enhancement called Live Activities. When you try to contact the developer you get a page at mls.com that says Megged. Try to contact MLS, fuggetaboudit. One star because the developer and MLS obviously don’t give a cr@p about their customers because they don’t want to hear about any problems. So typical these days. So sad",https://apps.apple.com/us/app/id397303467,5,ios,MLS Official App
appstore_mls_official_app,2023-11-16,App never opens up. This App is the only App on my iPhone that never opens up after updates,https://apps.apple.com/us/app/id397303467,1,ios,MLS Official App
appstore_mls_official_app,2023-11-13,Stuck on opening screen w Live Update?. I’m stuck on an opening screen promoting Live Updates & how to set them up: with no obvious way to get off the screen!?  What’s up with that!!?,https://apps.apple.com/us/app/id397303467,2,ios,MLS Official App
appstore_mls_official_app,2023-11-13,This app never loads!!!. I am sick and tired of this app.  It’s useless.  It never loads and might as well be gone.  Deleted from my phone for good,https://apps.apple.com/us/app/id397303467,1,ios,MLS Official App
appstore_mls_official_app,2023-11-11,New version of app. Screen locked on advertisement of new Lock Screen features. It will not scroll. I’ve deleted & reloaded the app to no avail,https://apps.apple.com/us/app/id397303467,1,ios,MLS Official App
appstore_mls_official_app,2023-11-10,"It’s a roll of the dice. Sometimes the app loads, sometimes it doesn’t. Frustrating",https://apps.apple.com/us/app/id397303467,2,ios,MLS Official App
appstore_mls_official_app,2023-11-07,"Your developers got megged.. If the app continuously gets network errors, even when the device is on a reliable wi-if connection, that’s not a problem with my network - it’s crappy coding.

Nov 2023 update - it no longer says I got megged, but the ‘shield’ just cycles and content doesn’t load - even on a solid wi-fi connection",https://apps.apple.com/us/app/id397303467,1,ios,MLS Official App
appstore_mls_official_app,2023-11-06,Pretty good overall - need brackets!. The app is pretty good with live updates — I just wish they had the playoff brackets somewhere on here,https://apps.apple.com/us/app/id397303467,4,ios,MLS Official App
appstore_mls_official_app,2023-11-04,#PhukMLSapp. Consistently disappoints. Updates never solve inability to open the app on iPhone. Just like MLS selling out fans by limiting viewing games to Apple TV this season. I’m done with MLS and with Apple phone and tv,https://apps.apple.com/us/app/id397303467,1,ios,MLS Official App
appstore_mls_official_app,2023-11-02,No MLS Cup playoffs support. The app does not display the playoffs bracket anywhere. The standings tab only shows the regular season table. The scores tab only shows a chronological list of past and upcoming games. The latest tab is a list of news stories. How is a fan supposed to follow the playoffs?,https://apps.apple.com/us/app/id397303467,1,ios,MLS Official App
appstore_mls_official_app,2023-10-22,"Recommendations, Accessibility. As a blind user of sports apps, this is not my favorite. It is workable but the access could be better.  It appears many of the things you click on are more image based and it is not clear if there is an accessible button or link there or not without just blindly trying and hoping it works.  

I would also ask that the cap on alerts be lifted.  You cannot select updates about the start and end of all games for all teams, because when you choose a team as a topic, the app immediately assigns game start/finish, team news and team goals scored as a package of 3 alerts.  So you have to go in and remove two of those three alerts to get down to one, so you can then add more teams.  At minimum, I'd like to be able to get a game start/end status for each team and team news alerts.  As currently designed, I have game start/'finish for each team, then news, lineups and goals scored at the league wide level",https://apps.apple.com/us/app/id397303467,4,ios,MLS Official App
appstore_mls_official_app,2023-10-10,"Catch all the action here. Postgame highlights are awesome, perfect way to get up to speed quickly on all the action",https://apps.apple.com/us/app/id397303467,5,ios,MLS Official App
appstore_mls_official_app,2023-07-15,"Predictor Pain. Great app, just wish it would keep me signed in so I don’t have to sign in every time I make my MLS predictions…",https://apps.apple.com/us/app/id397303467,3,ios,MLS Official App
appstore_mls_official_app,2023-07-08,"Horrible app.. It doesn’t even show all the game on today’s date. It won’t show games for future dates, videos make it so you have to restart your iPad to get anything to work.  It continually megs out. 

Please get someone better to program this",https://apps.apple.com/us/app/id397303467,1,ios,MLS Official App
appstore_mls_official_app,2023-05-30,"Garbage since last update. Since the last update the app, particularly for fantasy, has been garbage. Easier to just use the browser. What’s the point 🙄",https://apps.apple.com/us/app/id397303467,2,ios,MLS Official App
appstore_mls_official_app,2023-05-28,Fantasy log in troubles :(. Can’t log in to my account via my phone. It’s the worst,https://apps.apple.com/us/app/id397303467,4,ios,MLS Official App
appstore_mls_official_app,2023-05-18,What did you do to the fantasy page?. Used to work pretty well for fantasy.  Now I may as well just use the browser. Please fix this,https://apps.apple.com/us/app/id397303467,1,ios,MLS Official App
appstore_mls_official_app,2023-05-17,"Y’all broke it. I have never written a review for this app… I never planned to. It worked wonderfully for what I use it for. It was beautiful. Y’all broke it today! Bring back the old fantasy layout! If I wanted the website view, I go to the website myself. Not only is it ugly to look at in the app, but it’s very difficult for people who have accessibility needs and it’s just a pain in the butt to try to navigate around! While I’m at it, it would be nice to have push notifications for news stories as well not just game day stuff",https://apps.apple.com/us/app/id397303467,1,ios,MLS Official App
appstore_mls_official_app,2023-05-17,Poor user experience. Poor user experience. Certain sections do not work when selected. No one responds to “contact us” requests,https://apps.apple.com/us/app/id397303467,1,ios,MLS Official App
appstore_mls_official_app,2023-04-15,"Stupid TV Deal. Why the F would you opt for a streaming only deal with a garbage provider who can’t televise games?

Absolutely trash run league",https://apps.apple.com/us/app/id397303467,1,ios,MLS Official App
appstore_mls_official_app,2023-04-10,I would give 5 stars if. The app sent out push notifications for news and their other coverage instead of match day notifications,https://apps.apple.com/us/app/id397303467,4,ios,MLS Official App
appstore_mls_official_app,2023-04-05,"Still crappy!. Can’t even save my notifications for my team to start. Second, When i play a highlight it freezes up and i have to restart the app. Sooo beyond terrible. FIX THIS ITS 2023!",https://apps.apple.com/us/app/id397303467,1,ios,MLS Official App
appstore_mls_official_app,2023-04-03,"Minor issue. It’s a good app, just whenever I try to do fantasy it says “error this player is locked” even if they are available",https://apps.apple.com/us/app/id397303467,4,ios,MLS Official App
appstore_mls_official_app,2023-03-25,"MLS Fantasy Has Needed Bug Fixes for Years. The app has always been slow and glitchy, but the most aggravating of these issues is with MLS Fantasy. Oftentimes you can make your entire team and as soon as you hit “save team” it erases all of your progress and makes you start over. Also, sometimes when I select my captain, it glitches and goes back to a random player as captain. Even the website erases my progress or crashes when setting the team. Extremely disappointing and makes me not want to play the game at all",https://apps.apple.com/us/app/id397303467,1,ios,MLS Official App
appstore_mls_official_app,2023-03-25,"No Thanks Apple.. No pluses here, all minuses. At least on ESPN+ I could watch match replays of games I missed the night before or were being played simultaneously",https://apps.apple.com/us/app/id397303467,1,ios,MLS Official App
appstore_mls_official_app,2023-03-20,"Make a widget!. I downloaded the app because I was hoping they would have a widget for my Home Screen that could display scores or current standings, but there are no widgets at all. Please consider making some for some easy-to-see info!",https://apps.apple.com/us/app/id397303467,5,ios,MLS Official App
appstore_mls_official_app,2023-03-12,"Buggy. After two or three different phones and multiple updates to this app, it continues to get stuck on the loading screen. When (or if) it loads, you constantly get told that there was an error, “megged!” The features are great once the app works",https://apps.apple.com/us/app/id397303467,2,ios,MLS Official App
appstore_mls_official_app,2023-03-04,"Who are your developers, they need to be termed. Having checked the reviews, your app has had issues with logging people out and when starting the app you have to go through the setup again, for as far as a year back now. If you’re not going to fix it then what’s the point of having reviews for feedback?",https://apps.apple.com/us/app/id397303467,1,ios,MLS Official App
appstore_mls_official_app,2023-02-27,"Could the font BE any smaller?. I’m NOT a fan of the tiny font for team names and game times as well as the team shield on the scores page. And speaking of scores, they’re also difficult to see - unless you’re wearing “readers” or using a magnifying glass. All of this makes it difficult to follow my team on this app (when using my iPhone). Not happy. Try again, please",https://apps.apple.com/us/app/id397303467,3,ios,MLS Official App
appstore_mls_official_app,2023-02-27,"App that doesn’t notify. I have emailed and I’m beyond upset. This app does not give any notifications. I only get notifications for the game , like goals and game start. But that’s not what I want , I want news , breaking news , trade information. Just like any sports app I have . 

Yes I have deleted and re downloaded this app multiple times, to no avail",https://apps.apple.com/us/app/id397303467,1,ios,MLS Official App
appstore_mls_official_app,2023-02-27,Scoreboard. Please fix the scoreboard so you can see the score of both teams as you scroll the live matches,https://apps.apple.com/us/app/id397303467,2,ios,MLS Official App
appstore_mls_official_app,2023-02-26,Terrible app. Every time you open it it’s like the first time you downloaded it. Constantly have to re-login. Always crashes. Terrible app,https://apps.apple.com/us/app/id397303467,1,ios,MLS Official App
appstore_mls_official_app,2023-02-25,"Why can’t the app just open?. Every time I open this app, I have to verify my favorite team and any other selections. This is so frustrating. I don’t have to do this with ESPN or any other app. Just open the app. It’s not that hard",https://apps.apple.com/us/app/id397303467,2,ios,MLS Official App
appstore_mls_official_app,2023-02-23,"MLS App Malfunction. I don’t think the current update to this app has allowed me to enter. Every time I go on the MLS app, I get shut back to the main menu",https://apps.apple.com/us/app/id397303467,1,ios,MLS Official App
appstore_mls_official_app,2023-02-20,"Buggy mess. Like many reviews I find the content to be great and I actually like the new design touches they have implemented. 

Unfortunately, the app makes me pick my favorite team and news feed EVERYTIME I open it. Is overly annoying to the point I fatally use it anymore",https://apps.apple.com/us/app/id397303467,1,ios,MLS Official App
appstore_mls_official_app,2023-01-28,Won’t save user settings. Have to repick my favorite teams every time I use the app. Geez,https://apps.apple.com/us/app/id397303467,1,ios,MLS Official App
appstore_mls_official_app,2023-01-15,"Not saving my settings or user account.. As a STLCity fan  I was excited to see our team added as a selection.  However, it does not save my user account or notification settings.  I have to pick my team every single time",https://apps.apple.com/us/app/id397303467,1,ios,MLS Official App
