source,date,text,url,rating,min_price,max_price,presale,status,venue
ticketmaster_api,2026-09-19,New England Revolution vs. Orlando City SC at Gillette Stadium on 2026-09-19. Ticket price range: no price listed. Presale available: True. Event status: onsale.,https://www.ticketmaster.com/new-england-revolution-vs-orlando-city-foxborough-massachusetts-09-19-2026/event/01006435F2062BAF,,,,True,onsale,Gillette Stadium
ticketmaster_api,2026-05-23,Charlotte FC vs. New England Revolution at Bank of America Stadium on 2026-05-23. Ticket price range: no price listed. Presale available: True. Event status: onsale.,https://www.ticketmaster.com/charlotte-fc-vs-new-england-revolution-charlotte-north-carolina-05-23-2026/event/2D006378A23E78E8,,,,True,onsale,Bank of America Stadium
ticketmaster_api,2026-11-01,New England Revolution vs. Inter Miami CF at Gillette Stadium on 2026-11-01. Ticket price range: no price listed. Presale available: True. Event status: onsale.,https://www.ticketmaster.com/new-england-revolution-vs-inter-miami-foxborough-massachusetts-11-01-2026/event/01006435F21A2C0D,,,,True,onsale,Gillette Stadium
ticketmaster_api,2026-07-22,New England Revolution vs. Toronto FC at Gillette Stadium on 2026-07-22. Ticket price range: no price listed. Presale available: True. Event status: onsale.,https://www.ticketmaster.com/new-england-revolution-vs-toronto-fc-foxborough-massachusetts-07-22-2026/event/01006435F1F82B8B,,,,True,onsale,Gillette Stadium
ticketmaster_api,2026-08-08,New England Revolution vs. Houston Dynamo at Gillette Stadium on 2026-08-08. Ticket price range: no price listed. Presale available: True. Event status: rescheduled.,https://www.ticketmaster.com/new-england-revolution-vs-houston-dynamo-foxborough-massachusetts-08-08-2026/event/01006435F1CB2B04,,,,True,rescheduled,Gillette Stadium
ticketmaster_api,2026-08-23,New England Revolution vs. New York City FC at Gillette Stadium on 2026-08-23. Ticket price range: no price listed. Presale available: True. Event status: onsale.,https://www.ticketmaster.com/new-england-revolution-vs-new-york-foxborough-massachusetts-08-23-2026/event/01006435F2012BA2,,,,True,onsale,Gillette Stadium
ticketmaster_api,2026-07-25,New England Revolution vs. Atlanta United FC at Gillette Stadium on 2026-07-25. Ticket price range: no price listed. Presale available: True. Event status: onsale.,https://www.ticketmaster.com/new-england-revolution-vs-atlanta-united-foxborough-massachusetts-07-25-2026/event/01006435F1FC2B96,,,,True,onsale,Gillette Stadium
ticketmaster_api,2026-10-28,New England Revolution vs. New York Red Bulls at Gillette Stadium on 2026-10-28. Ticket price range: no price listed. Presale available: True. Event status: onsale.,https://www.ticketmaster.com/new-england-revolution-vs-new-york-foxborough-massachusetts-10-28-2026/event/01006435F2152BFD,,,,True,onsale,Gillette Stadium
ticketmaster_api,2026-10-17,New England Revolution vs. Chicago Fire FC at Gillette Stadium on 2026-10-17. Ticket price range: no price listed. Presale available: True. Event status: onsale.,https://www.ticketmaster.com/new-england-revolution-vs-chicago-fire-foxborough-massachusetts-10-17-2026/event/01006435F2102BDC,,,,True,onsale,Gillette Stadium
ticketmaster_api,2026-10-10,New England Revolution vs. Seattle Sounders FC at Gillette Stadium on 2026-10-10. Ticket price range: no price listed. Presale available: True. Event status: onsale.,https://www.ticketmaster.com/new-england-revolution-vs-seattle-sounders-foxborough-massachusetts-10-10-2026/event/01006435F20B2BCE,,,,True,onsale,Gillette Stadium
ticketmaster_api,2026-08-19,D.C. United vs New England Revolution at Audi Field on 2026-08-19. Ticket price range: no price listed. Presale available: True. Event status: onsale.,https://www.ticketmaster.com/dc-united-vs-new-england-revolution-washington-district-of-columbia-08-19-2026/event/15006393C976A1B6,,,,True,onsale,Audi Field
ticketmaster_api,2026-09-13,Chicago Fire FC vs. New England Revolution (Large Fans to 1st 5K) at Soldier Field on 2026-09-13. Ticket price range: no price listed. Presale available: False. Event status: onsale.,https://www.ticketmaster.com/chicago-fire-fc-vs-new-england-chicago-illinois-09-13-2026/event/04006374A8237037,,,,False,onsale,Soldier Field
ticketmaster_api,2026-08-29,Columbus Crew vs. New England Revolution at ScottsMiracle-Gro Field on 2026-08-29. Ticket price range: no price listed. Presale available: False. Event status: onsale.,https://www.ticketmaster.com/columbus-crew-vs-new-england-revolution-columbus-ohio-08-29-2026/event/0500636E980F976D,,,,False,onsale,ScottsMiracle-Gro Field
ticketmaster_api,2026-10-14,FC Cincinnati vs. New England Revolution at TQL Stadium on 2026-10-14. Ticket price range: no price listed. Presale available: False. Event status: onsale.,https://www.ticketmaster.com/event/Z7r9jZ1A7ro7F,,,,False,onsale,TQL Stadium
ticketmaster_api,2026-10-24,Philadelphia Union vs. New England Revolution at Subaru Park on 2026-10-24. Ticket price range: no price listed. Presale available: False. Event status: onsale.,https://www.ticketmaster.com/event/Z7r9jZ1A7r80z,,,,False,onsale,Subaru Park
ticketmaster_api,2026-09-09,New York City FC vs. New England Revolution at Citi Field on 2026-09-09. Ticket price range: no price listed. Presale available: True. Event status: onsale.,https://www.ticketmaster.com/new-york-city-fc-vs-new-queens-new-york-09-09-2026/event/1D006378C85446B6,,,,True,onsale,Citi Field
ticketmaster_api,2026-09-05,Los Angeles Galaxy vs. New England Revolution at Dignity Health Sports Park on 2026-09-05. Ticket price range: no price listed. Presale available: False. Event status: onsale.,https://www.ticketmaster.com/event/Z7r9jZ1A7r8PK,,,,False,onsale,Dignity Health Sports Park
ticketmaster_api,2026-09-26,Real Salt Lake vs. New England Revolution at America First Field on 2026-09-26. Ticket price range: no price listed. Presale available: False. Event status: onsale.,https://www.ticketmaster.com/event/Z7r9jZ1A7roZa,,,,False,onsale,America First Field
ticketmaster_api,2026-08-22,NYCFC II vs. New England Revolution II at Icahn Stadium on 2026-08-22. Ticket price range: no price listed. Presale available: False. Event status: onsale.,https://www.ticketmaster.com/nycfc-ii-vs-new-england-revolution-new-york-new-york-08-22-2026/event/1D006449C14E2F30,,,,False,onsale,Icahn Stadium
ticketmaster_api,2026-09-13,Columbus Crew 2 vs. New England Revolution II at Historic Crew Stadium on 2026-09-13. Ticket price range: no price listed. Presale available: False. Event status: cancelled.,https://www.ticketmaster.com/columbus-crew-2-vs-new-england-columbus-ohio-09-13-2026/event/05006445D97BC88C,,,,False,cancelled,Historic Crew Stadium
ticketmaster_api,2026-09-04,Carolina Core FC vs. New England Revolution II at Truist Point on 2026-09-04. Ticket price range: no price listed. Presale available: False. Event status: onsale.,https://www.ticketmaster.com/event/Z7r9jZ1A7-Aef,,,,False,onsale,Truist Point
ticketmaster_api,2026-11-07,"Orlando City v NE Revolution - Fan Appreciation Night, pres. by Publix at Inter&Co Stadium on 2026-11-07. Ticket price range: no price listed. Presale available: True. Event status: onsale.",https://www.ticketmaster.com/orlando-city-v-ne-revolution-fan-orlando-florida-11-07-2026/event/220063828D4D2D0E,,,,True,onsale,Inter&Co Stadium
